{
  "version": 1,
  "lastUpdated": "2025-11-11T00:00:00Z",
  "links": [
    {
      "id": "1",
      "name": "Основной сайт проекта",
      "url": "https://example.com",
      "type": "website",
      "description": "Главный веб-сайт нашего проекта с полной информацией"
    },
    {
      "id": "2",
      "name": "Резервный сайт #1",
      "url": "https://backup1.example.com",
      "type": "website",
      "description": "Первое зеркало сайта на случай блокировки основного"
    },
    {
      "id": "3",
      "name": "Telegram канал",
      "url": "https://t.me/example_channel",
      "type": "telegram",
      "description": "Наш официальный Telegram канал с новостями и обновлениями"
    },
    {
      "id": "4",
      "name": "Telegram чат поддержки",
      "url": "https://t.me/example_support",
      "type": "telegram",
      "description": "Чат для связи с технической поддержкой"
    },
    {
      "id": "5",
      "name": "Резервный сайт #2",
      "url": "https://backup2.example.com",
      "type": "website",
      "description": "Второе зеркало сайта"
    }
  ]
}
